confidence,var,var_pct_nav,es,es_pct_nav
0.95,2114136.014780801,0.012548639208477095,2834375.77432876,0.016823685290176207
0.99,3235502.3290759916,0.019204607036587277,3991375.9905130416,0.023691161259328502
